,X,Y,CLUSTER
ORB,-0.78304,0.2793,0
ORB,-0.7530399999999999,0.021,1
ORB,-0.7581,-0.2394,1
ORB,-0.75312,0.20449,1
ORB,-0.72319,-0.28928000000000004,1
ORB,-0.69825,0.23441,1
ORB,-0.69825,0.2793,1
ORB,-0.69825,0.34913,1
ORB,-0.69825,0.42394,0
ORB,-0.67332,-0.054863,0
ORB,-0.67332,0.49875,0
ORB,-0.66833,-0.2793,1
ORB,-0.66833,0.24938,1
ORB,-0.6633399999999999,0.20948000000000006,1
ORB,-0.65835,-0.60349,0
ORB,-0.65835,-0.16958,0
ORB,-0.65835,0.399,1
ORB,-0.65337,-0.43392,1
ORB,-0.6483800000000001,-0.48878,1
ORB,-0.63342,0.36409,1
ORB,-0.62344,0.31421,1
ORB,-0.61347,0.44888,1
ORB,-0.5935199999999999,0.56858,1
ORB,-0.58853,0.49875,1
ORB,-0.57855,-0.49875,1
ORB,-0.57855,0.39401,0
ORB,-0.5635899999999999,-0.37406,0
ORB,-0.5635899999999999,0.63342,0
ORB,-0.5586,0.46883,1
ORB,-0.55362,0.52369,1
ORB,-0.5486300000000001,-0.58853,1
ORB,-0.5486300000000001,-0.5187,1
ORB,-0.52868,0.5586,1
ORB,-0.52369,0.6483800000000001,1
ORB,-0.50873,-0.66833,1
ORB,-0.50873,-0.6384,1
ORB,-0.50374,0.51372,0
ORB,-0.49377,-0.50873,0
ORB,-0.46883,0.67332,1
ORB,-0.46384,-0.63342,1
ORB,-0.45885,0.5985,1
ORB,-0.42893,0.60848,1
ORB,-0.42394,-0.55362,0
ORB,-0.41397,0.6783,1
ORB,-0.40898,0.7481300000000001,1
ORB,-0.40399,-0.65835,1
ORB,-0.399,0.67332,1
ORB,-0.399,0.77805,0
ORB,-0.36908,-0.72818,1
ORB,-0.36908,-0.5985,1
ORB,-0.36908,0.62344,0
ORB,-0.3591,-0.73815,0
ORB,-0.33416,0.61845,0
ORB,-0.30923,0.79302,1
ORB,-0.29925,-0.62843,1
ORB,-0.28928000000000004,0.6483800000000001,0
ORB,-0.2793,0.73317,1
ORB,-0.24439,-0.58354,0
ORB,-0.24439,0.73815,1
ORB,-0.23441,0.8279299999999999,0
PUPIL,-0.22444,0.13466,0
ORB,-0.21446,-0.70823,1
PUPIL,-0.20948000000000006,0.024938,0
PUPIL,-0.1995,-0.0099751,0
PUPIL,-0.17955,-0.084788,0
PUPIL,-0.17955,0.24439,0
ORB,-0.17955,0.7182,0
PUPIL,-0.16958,0.074813,1
PUPIL,-0.16958,0.11471,0
ORB,-0.16958,0.7630899999999999,1
ORB,-0.16459,0.78803,1
ORB,-0.14963,-0.70324,1
PUPIL,-0.14464000000000002,-0.0049875,1
PUPIL,-0.12968,-0.054863,0
PUPIL,-0.12469,0.054863,1
PUPIL,-0.12469,0.16459,1
PUPIL,-0.1197,0.23441,0
ORB,-0.1197,0.68329,0
PUPIL,-0.10973,0.14963,1
ORB,-0.099751,0.8528700000000001,0
ORB,-0.084788,-0.65337,1
ORB,-0.0798,0.76808,1
ORB,-0.074813,-0.72319,1
PUPIL,-0.069825,-0.0049875,1
PUPIL,-0.06483799999999999,0.26434,0
PUPIL,-0.05985,0.19451,1
PUPIL,-0.054863,0.094763,1
PUPIL,-0.049875,-0.06483799999999999,1
PUPIL,-0.044888,0.16459,1
ORB,-0.0399,0.75312,1
PUPIL,-0.034913,-0.094763,0
PUPIL,-0.029925,-0.01995,1
PUPIL,-0.024938,0.089776,1
ORB,-0.01995,-0.61347,0
ORB,-0.01995,0.8678299999999999,0
PUPIL,-0.0099751,0.12469,1
PUPIL,-0.0049875,0.044888,1
PUPIL,-0.0049875,0.17955,1
ORB,-1.1102e-16,-0.6384,0
ORB,0.0049875,-0.7481300000000001,1
PUPIL,0.0049875,0.25436,0
ORB,0.024938,-0.68329,1
PUPIL,0.029925,-0.05985,1
ORB,0.0399,0.72319,0
ORB,0.054863,0.8329200000000001,1
PUPIL,0.069825,0.094763,1
PUPIL,0.074813,0.029925,1
PUPIL,0.074813,0.13965,1
PUPIL,0.074813,0.19451,1
ORB,0.084788,0.7979999999999999,1
PUPIL,0.094763,0.11471,1
PUPIL,0.099751,-0.0798,0
PUPIL,0.10474,-0.0099751,1
PUPIL,0.10973,0.20948000000000006,0
ORB,0.10973,0.70324,0
ORB,0.11471,-0.6483800000000001,1
ORB,0.11471,-0.58853,0
PUPIL,0.12968,0.024938,1
PUPIL,0.13466,-0.0399,0
PUPIL,0.13466,0.089776,1
PUPIL,0.13466,0.1596,0
ORB,0.17456,-0.72818,1
ORB,0.17456,0.73317,1
ORB,0.1995,0.72818,1
ORB,0.22444,-0.65835,1
ORB,0.22444,0.83791,0
ORB,0.24938,-0.61845,1
ORB,0.26434,0.66833,0
ORB,0.26434,0.7481300000000001,1
ORB,0.29925,-0.60349,1
ORB,0.32918000000000003,-0.65835,1
ORB,0.34913,-0.5187,0
ORB,0.34913,0.73317,1
ORB,0.38903,0.66833,1
ORB,0.39401,0.80798,0
ORB,0.399,0.76808,0
ORB,0.43392,-0.5586,1
ORB,0.44389,-0.6384,1
ORB,0.45885,0.6783,1
ORB,0.46384,0.5935199999999999,0
ORB,0.50374,0.70324,1
ORB,0.5187,-0.50873,1
ORB,0.52369,-0.61845,0
ORB,0.53865,0.5486300000000001,0
ORB,0.56858,-0.39401,0
ORB,0.57855,0.53865,1
ORB,0.58354,-0.55362,1
ORB,0.58354,-0.52868,1
ORB,0.5935199999999999,0.65835,0
ORB,0.5985,0.38404,0
ORB,0.5985,0.5187,1
ORB,0.60848,-0.399,1
ORB,0.61845,-0.42394,1
ORB,0.62843,0.55362,1
ORB,0.65835,0.23441,0
ORB,0.65835,0.34913,0
ORB,0.66833,-0.48878,0
ORB,0.67332,-0.34913,1
ORB,0.6783,0.38903,1
ORB,0.68329,0.45885,1
ORB,0.6932699999999999,-0.0798,0
ORB,0.69825,0.52369,1
ORB,0.70823,-0.29426,1
ORB,0.71322,-0.4389,0
ORB,0.72319,0.21945,0
ORB,0.72319,0.2793,1
ORB,0.72818,0.06483799999999999,0
ORB,0.73317,0.46384,1
ORB,0.7481300000000001,-0.38404,1
ORB,0.7481300000000001,0.13965,1
ORB,0.75312,-0.38404,0
ORB,0.75312,0.21945,1
ORB,0.76808,0.32918000000000003,1
ORB,0.77307,-0.19451,1
ORB,0.78304,0.36409,1
ORB,0.78304,0.37905,1
ORB,0.7979999999999999,0.23441,1
ORB,0.80299,0.11471,1
ORB,0.82294,-0.0049875,1
ORB,0.91272,0.27431,0
ORB,-0.7715,0.273,0
ORB,-0.7317,0.0058,1
ORB,-0.7786,-0.212,0
ORB,-0.7371,0.1985,1
ORB,-0.7435,-0.2769,1
ORB,-0.6853,0.2074,1
ORB,-0.7216,0.2667,1
ORB,-0.7014,0.33,1
ORB,-0.7053,0.43200000000000005,0
ORB,-0.6729999999999999,-0.0532,0
ORB,-0.6738,0.4784,0
ORB,-0.6757,-0.3039,1
ORB,-0.6637,0.2357,1
ORB,-0.6558,0.226,1
ORB,-0.6721,-0.5847,0
ORB,-0.6512,-0.1505,0
ORB,-0.6641,0.377,1
ORB,-0.6693,-0.4418,1
ORB,-0.629,-0.4879,1
ORB,-0.6531,0.3899,1
ORB,-0.5991,0.2942,0
ORB,-0.5976,0.4427,1
ORB,-0.6103,0.5601,1
ORB,-0.6038,0.5168,1
ORB,-0.5503,-0.4751,1
ORB,-0.5754,0.41700000000000004,0
ORB,-0.5705,-0.3694,0
ORB,-0.5844,0.6184,0
ORB,-0.5623,0.4851,1
ORB,-0.5691,0.499,1
ORB,-0.5375,-0.6053,1
ORB,-0.5399,-0.5164,1
ORB,-0.5432,0.5627,1
ORB,-0.5359,0.6366,1
ORB,-0.5234,-0.6702,1
ORB,-0.5333,-0.6564,1
ORB,-0.501,0.5239,0
ORB,-0.4988,-0.5034,0
ORB,-0.4725,0.6496,1
ORB,-0.4657,-0.6217,1
ORB,-0.4422,0.5896,1
ORB,-0.4248,0.6105,1
ORB,-0.4152,-0.5515,0
ORB,-0.4269,0.6855,1
ORB,-0.4041,0.7644,1
ORB,-0.4196,-0.6488,1
ORB,-0.4153,0.6596,1
ORB,-0.3819,0.7859999999999999,0
ORB,-0.371,-0.7406,0
ORB,-0.3851,-0.6006,1
ORB,-0.3486,0.6027,0
ORB,-0.3448,-0.7638,0
ORB,-0.3255,0.6389,0
ORB,-0.3291,0.8168,0
ORB,-0.2716,-0.5988,0
ORB,-0.266,0.6616,0
ORB,-0.306,0.7268,1
ORB,-0.2695,-0.5935,0
ORB,-0.2358,0.7194,1
ORB,-0.2294,0.8009999999999999,1
PUPIL,-0.2262,0.1181,0
ORB,-0.1857,-0.6987,1
PUPIL,-0.1966,0.0245,0
PUPIL,-0.1826,0.0055,0
PUPIL,-0.1741,-0.0555,0
PUPIL,-0.2065,0.2258,0
ORB,-0.1581,0.7049,0
PUPIL,-0.1871,0.0995,0
PUPIL,-0.1407,0.1205,1
ORB,-0.1849,0.7633,1
ORB,-0.1608,0.8164,1
ORB,-0.1549,-0.7006,1
PUPIL,-0.1429,-0.0349,0
PUPIL,-0.1548,-0.0303,0
PUPIL,-0.1499,0.0789,1
PUPIL,-0.1056,0.1915,1
PUPIL,-0.1153,0.2411,0
ORB,-0.125,0.7132,0
PUPIL,-0.1064,0.145,1
ORB,-0.0782,0.8348,1
ORB,-0.0821,-0.638,0
ORB,-0.1033,0.7431,1
ORB,-0.0847,-0.7290000000000001,1
PUPIL,-0.0719,0.0021,1
PUPIL,-0.0473,0.2861,0
PUPIL,-0.0375,0.2059,1
PUPIL,-0.0823,0.0799,1
PUPIL,-0.0228,-0.0731,1
PUPIL,-0.035,0.1749,1
ORB,-0.0126,0.7545,1
PUPIL,-0.0625,-0.0811,1
PUPIL,-0.0408,-0.0216,1
PUPIL,-0.0019,0.0641,1
ORB,-0.0236,-0.5952,0
ORB,-0.0038,0.8551,0
PUPIL,0.0044,0.1116,1
PUPIL,0.0094,0.0394,1
PUPIL,-0.0325,0.1625,1
ORB,-0.0125,-0.6213,0
ORB,0.0279,-0.7671,0
PUPIL,0.0212,0.2401,0
ORB,0.0182,-0.6809,1
PUPIL,0.0236,-0.0871,1
ORB,0.0539,0.7005,0
ORB,0.033,0.8457,1
PUPIL,0.0799,0.1133,1
PUPIL,0.0767,0.0524,1
PUPIL,0.0818,0.1541,1
PUPIL,0.066,0.2052,1
ORB,0.0953,0.7779,1
PUPIL,0.08199999999999999,0.1276,1
PUPIL,0.0981,-0.1023,0
PUPIL,0.131,-0.0351,0
PUPIL,0.1314,0.2278,0
ORB,0.1159,0.6803,0
ORB,0.1009,-0.63,0
ORB,0.0932,-0.5822,0
PUPIL,0.1399,0.0223,0
PUPIL,0.1114,-0.0562,0
PUPIL,0.1521,0.0673,0
PUPIL,0.1246,0.1546,0
ORB,0.1943,-0.7417,0
ORB,0.1827,0.7621,1
ORB,0.2248,0.7447,1
ORB,0.2065,-0.6344,1
ORB,0.1956,0.8215,1
ORB,0.2755,-0.6405,1
ORB,0.2455,0.6673,0
ORB,0.2787,0.7463,1
ORB,0.3248,-0.5771,1
ORB,0.3159,-0.6778,1
ORB,0.3592,-0.5003,0
ORB,0.3427,0.7297,1
ORB,0.4031,0.6799,1
ORB,0.4002,0.7789,0
ORB,0.4108,0.7388,1
ORB,0.4495,-0.5569,1
ORB,0.4588,-0.6532,0
ORB,0.4319,0.6911,1
ORB,0.4352,0.6213,0
ORB,0.4832,0.7120000000000001,1
ORB,0.5126,-0.5386,1
ORB,0.5383,-0.6147,0
ORB,0.5288,0.5402,0
ORB,0.5406,-0.3655,0
ORB,0.5761,0.5625,1
ORB,0.5672,-0.5721,1
ORB,0.5931,-0.5121,1
ORB,0.6201,0.6334,0
ORB,0.5757,0.3707,0
ORB,0.5738,0.5377,1
ORB,0.6357,-0.3933,1
ORB,0.639,-0.4265,1
ORB,0.6565,0.5825,0
ORB,0.6618,0.2175,0
ORB,0.6535,0.37200000000000005,0
ORB,0.6744,-0.4997,0
ORB,0.7008,-0.3277,1
ORB,0.7065,0.4105,1
ORB,0.6969,0.4482,1
ORB,0.6834,-0.075,0
ORB,0.6702,0.5284,1
ORB,0.7363,-0.2889,1
ORB,0.7133,-0.4547,0
ORB,0.7514,0.23399999999999999,1
ORB,0.725,0.2993,1
ORB,0.7179,0.085,0
ORB,0.7582,0.4643,1
ORB,0.772,-0.3864,0
ORB,0.7238,0.1362,0
ORB,0.738,-0.4132,0
ORB,0.7490000000000001,0.2129,1
ORB,0.7395,0.3252,1
ORB,0.7490000000000001,-0.1978,1
ORB,0.8071,0.3779,1
ORB,0.7657,0.4074,1
ORB,0.7998,0.2504,1
ORB,0.7893,0.0943,1
ORB,0.8193,-0.0333,1
ORB,0.9288,0.2643,0
ORB,-0.7777,0.2497,0
ORB,-0.7683,0.02,1
ORB,-0.7458,-0.2258,1
ORB,-0.7456,0.2072,1
ORB,-0.7167,-0.3072,1
ORB,-0.6713,0.2082,1
ORB,-0.7206,0.282,1
ORB,-0.7054,0.3267,1
ORB,-0.6819,0.3968,1
ORB,-0.6528,-0.0564,0
ORB,-0.6458,0.4877,1
ORB,-0.6419,-0.3065,0
ORB,-0.6515,0.2215,1
ORB,-0.6538,0.2083,1
ORB,-0.6773,-0.6019,0
ORB,-0.6718,-0.1633,0
ORB,-0.6325,0.4077,1
ORB,-0.6403,-0.4457,1
ORB,-0.6268,-0.5013,1
ORB,-0.6111,0.37,1
ORB,-0.6298,0.3215,1
ORB,-0.6081,0.4417,1
ORB,-0.601,0.5569,1
ORB,-0.6098,0.4791,1
ORB,-0.5761,-0.4761,1
ORB,-0.6051,0.3893,1
ORB,-0.5508,-0.3627,0
ORB,-0.5544,0.6248,1
ORB,-0.5696,0.4924,1
ORB,-0.5568,0.5046,1
ORB,-0.5659,-0.6008,1
ORB,-0.5702,-0.4947,1
ORB,-0.5462,0.5303,1
ORB,-0.5267,0.6588,1
ORB,-0.5256,-0.6859999999999999,0
ORB,-0.5364,-0.643,1
ORB,-0.4992,0.4942,0
ORB,-0.4838,-0.5015,0
ORB,-0.439,0.6537,1
ORB,-0.4645,-0.6353,1
ORB,-0.4313,0.5707,0
ORB,-0.446,0.6304,1
ORB,-0.4147,-0.5372,0
ORB,-0.4011,0.6964,1
ORB,-0.43700000000000006,0.7337,1
ORB,-0.4086,-0.685,1
ORB,-0.3922,0.6990000000000001,1
ORB,-0.4186,0.7776,0
ORB,-0.3936,-0.7184,1
ORB,-0.3588,-0.626,1
ORB,-0.3928,0.596,0
ORB,-0.3394,-0.7487,0
ORB,-0.3176,0.5937,0
ORB,-0.2967,0.7956,1
ORB,-0.3211,-0.6229,1
ORB,-0.2756,0.6473,0
ORB,-0.2944,0.7141,1
ORB,-0.2622,-0.5556,0
ORB,-0.2475,0.7083,1
ORB,-0.2239,0.8007,1
PUPIL,-0.2383,0.1284,0
ORB,-0.2189,-0.6878,1
PUPIL,-0.2372,0.0541,0
PUPIL,-0.2108,-0.0068,0
PUPIL,-0.2009,-0.0734,0
PUPIL,-0.1836,0.2423,0
ORB,-0.159,0.7223,0
PUPIL,-0.1572,0.1004,1
PUPIL,-0.17300000000000001,0.0863,0
ORB,-0.1847,0.7459,1
ORB,-0.1373,0.7818,1
ORB,-0.1569,-0.7054,1
PUPIL,-0.1334,-0.0093,1
PUPIL,-0.14300000000000002,-0.0395,0
PUPIL,-0.1308,0.0792,1
PUPIL,-0.109,0.1937,0
PUPIL,-0.1432,0.258,0
ORB,-0.102,0.7006,0
PUPIL,-0.126,0.1546,1
ORB,-0.076,0.8501,0
ORB,-0.0577,-0.6669,1
ORB,-0.0738,0.7724,1
ORB,-0.0722,-0.7427,1
PUPIL,-0.0789,0.0033,1
PUPIL,-0.092,0.2807,0
PUPIL,-0.0843,0.1857,1
PUPIL,-0.0816,0.1157,1
PUPIL,-0.0271,-0.0885,1
PUPIL,-0.017,0.1481,1
ORB,-0.051,0.7778,1
PUPIL,-0.044000000000000004,-0.0897,0
PUPIL,-0.0039,-0.0497,1
PUPIL,-0.0253,0.1043,1
ORB,-0.0404,-0.6107,0
ORB,0.0074,0.8934,0
PUPIL,-0.0149,0.1204,1
PUPIL,-0.0071,0.0482,1
PUPIL,0.0161,0.1547,1
ORB,-0.0039,-0.6522,1
ORB,-0.0132,-0.7184,1
PUPIL,0.0165,0.2447,0
ORB,0.0011,-0.6586,1
PUPIL,0.0126,-0.08900000000000001,1
ORB,0.0412,0.7436,1
ORB,0.055999999999999994,0.8226,1
PUPIL,0.0546,0.0942,1
PUPIL,0.0921,0.036000000000000004,1
PUPIL,0.1044,0.1415,1
PUPIL,0.0526,0.1943,1
ORB,0.1027,0.8187,1
PUPIL,0.1063,0.0953,1
PUPIL,0.1172,-0.0879,0
PUPIL,0.1213,-0.0098,1
PUPIL,0.1118,0.1978,0
ORB,0.1387,0.6862,0
ORB,0.1043,-0.6662,1
ORB,0.1131,-0.5784,0
PUPIL,0.1059,0.0083,1
PUPIL,0.1544,-0.0475,0
PUPIL,0.1211,0.0837,1
PUPIL,0.1079,0.1712,1
ORB,0.1491,-0.7309,1
ORB,0.1725,0.7264,1
ORB,0.21600000000000003,0.7369,1
ORB,0.2304,-0.6432,1
ORB,0.2477,0.8346,0
ORB,0.2341,-0.6165,1
ORB,0.2645,0.6905,1
ORB,0.2876,0.7662,1
ORB,0.2695,-0.5981,1
ORB,0.3223,-0.6424,1
ORB,0.3219,-0.5123,0
ORB,0.3666,0.7515,1
ORB,0.4073,0.6604,1
ORB,0.3658,0.7804,1
ORB,0.4241,0.7766,0
ORB,0.43200000000000005,-0.5446,1
ORB,0.4387,-0.6354,1
ORB,0.4824,0.6778,1
ORB,0.4728,0.5661,0
ORB,0.5233,0.7191,0
ORB,0.5472,-0.5343,1
ORB,0.525,-0.6411,0
ORB,0.5387,0.5396,0
ORB,0.5824,-0.3864,0
ORB,0.5803,0.5388,1
ORB,0.5966,-0.5428,1
ORB,0.6056,-0.525,1
ORB,0.5749,0.682,0
ORB,0.575,0.4127,0
ORB,0.6143,0.5059,1
ORB,0.6173,-0.3948,1
ORB,0.6468,-0.4016,1
ORB,0.6197,0.5756,1
ORB,0.6669,0.2591,0
ORB,0.6511,0.3709,0
ORB,0.679,-0.4819,0
ORB,0.6609999999999999,-0.3274,1
ORB,0.6556,0.3895,0
ORB,0.6837,0.4611,1
ORB,0.7229,-0.0775,0
ORB,0.7038,0.5112,1
ORB,0.7225,-0.3028,1
ORB,0.7142,-0.4328,1
ORB,0.7501,0.2105,1
ORB,0.7073,0.2978,0
ORB,0.7435,0.0397,0
ORB,0.7523,0.46299999999999997,1
ORB,0.7272,-0.3784,1
ORB,0.7525,0.1126,1
ORB,0.7724,-0.3885,0
ORB,0.7312,0.2201,0
ORB,0.7544,0.3309,1
ORB,0.7873,-0.2158,1
ORB,0.805,0.3534,1
ORB,0.7795,0.4082,1
ORB,0.8098,0.2329,1
ORB,0.7979999999999999,0.0864,1
ORB,0.8303,-0.0084,1
ORB,0.8975,0.2681,0
ORB,-0.7724,0.2933,0
ORB,-0.7423,0.0194,1
ORB,-0.7991,-0.2275,0
ORB,-0.7495,0.1906,1
ORB,-0.7165,-0.3039,1
ORB,-0.6817,0.2342,1
ORB,-0.7033,0.2801,1
ORB,-0.6854,0.3236,1
ORB,-0.6777,0.4347,1
ORB,-0.6737,-0.0706,0
ORB,-0.6923,0.4686,0
ORB,-0.669,-0.2872,1
ORB,-0.6672,0.2072,1
ORB,-0.6676,0.2021,1
ORB,-0.6673,-0.5964,0
ORB,-0.6445,-0.1529,0
ORB,-0.6411,0.3514,1
ORB,-0.6435,-0.4146,1
ORB,-0.6385,-0.5079,1
ORB,-0.6824,0.3841,1
ORB,-0.5744,0.2984,0
ORB,-0.5952,0.4714,1
ORB,-0.6044,0.5832,0
ORB,-0.6176,0.5089,1
ORB,-0.5427,-0.4719,0
ORB,-0.562,0.4457,0
ORB,-0.5578,-0.3478,0
ORB,-0.6073,0.6287,0
ORB,-0.5705,0.4668,1
ORB,-0.5675,0.4992,1
ORB,-0.5265,-0.614,1
ORB,-0.5506,-0.5209,1
ORB,-0.5317,0.5454,1
ORB,-0.5347,0.6426,1
ORB,-0.5115,-0.6657,1
ORB,-0.5042,-0.6284,1
ORB,-0.4834,0.5113,0
ORB,-0.5183,-0.4989,0
ORB,-0.4646,0.6331,1
ORB,-0.4914,-0.6464,1
ORB,-0.4291,0.5676,0
ORB,-0.4216,0.6127,1
ORB,-0.4103,-0.5273,0
ORB,-0.4556,0.6844,1
ORB,-0.382,0.7813,0
ORB,-0.4126,-0.6376,1
ORB,-0.4041,0.6848,1
ORB,-0.3842,0.8075,0
ORB,-0.3698,-0.7643,0
ORB,-0.3609,-0.5911,0
ORB,-0.3372,0.6016,0
ORB,-0.3674,-0.7637,0
ORB,-0.2989,0.6435,0
ORB,-0.3197,0.8083,0
ORB,-0.2603,-0.6263,0
ORB,-0.2665,0.6457,0
ORB,-0.2937,0.7003,1
ORB,-0.2559,-0.5834,0
ORB,-0.2577,0.7256,1
ORB,-0.2406,0.8238,1
PUPIL,-0.2506,0.1363,0
ORB,-0.1942,-0.7064,1
PUPIL,-0.1877,0.0242,0
PUPIL,-0.1833,0.0332,0
PUPIL,-0.1713,-0.0509,0
PUPIL,-0.1996,0.2227,0
ORB,-0.1785,0.7348,1
PUPIL,-0.1811,0.1163,0
PUPIL,-0.1534,0.0936,1
ORB,-0.1686,0.7751,1
ORB,-0.1361,0.8424,0
ORB,-0.161,-0.6898,1
PUPIL,-0.128,-0.0316,1
PUPIL,-0.1267,-0.0497,0
PUPIL,-0.1719,0.0856,0
PUPIL,-0.1087,0.1725,1
PUPIL,-0.129,0.2468,0
ORB,-0.1319,0.7173,0
PUPIL,-0.1162,0.1634,1
ORB,-0.0886,0.8443,1
ORB,-0.0687,-0.6452,0
ORB,-0.1189,0.7351,0
ORB,-0.0603,-0.7512,1
PUPIL,-0.0666,0.0241,1
PUPIL,-0.0618,0.2911,0
PUPIL,-0.0457,0.1862,1
PUPIL,-0.0615,0.0883,1
PUPIL,-0.0295,-0.0992,0
PUPIL,-0.0489,0.1986,1
ORB,-0.0164,0.7842,1
PUPIL,-0.0566,-0.1079,0
PUPIL,-0.0339,-0.043,1
PUPIL,-0.0274,0.0621,1
ORB,-0.0055,-0.5973,0
ORB,-0.0075,0.8528,0
PUPIL,0.0044,0.1383,1
PUPIL,-0.0182,0.044000000000000004,1
PUPIL,-0.0491,0.1593,1
ORB,-0.0291,-0.5918,0
ORB,0.002,-0.7576,0
PUPIL,-0.0043,0.2692,0
ORB,-0.0012,-0.6985,1
PUPIL,0.0512,-0.1167,0
ORB,0.0554,0.6734,0
ORB,0.0081,0.8413,1
PUPIL,0.0528,0.1123,1
PUPIL,0.0888,0.0294,1
PUPIL,0.0745,0.1807,1
PUPIL,0.0788,0.2147,0
ORB,0.0876,0.7704,1
PUPIL,0.09699999999999999,0.1175,1
PUPIL,0.1026,-0.1255,0
PUPIL,0.1436,-0.054000000000000006,0
PUPIL,0.1159,0.2098,0
ORB,0.0969,0.7005,0
ORB,0.0875,-0.6296,0
ORB,0.0767,-0.5825,0
PUPIL,0.1669,-0.0043,0
PUPIL,0.1189,-0.0262,0
PUPIL,0.1498,0.0655,0
PUPIL,0.1369,0.1676,0
ORB,0.2068,-0.722,1
ORB,0.1995,0.7458,1
ORB,0.2483,0.7647,1
ORB,0.1902,-0.6355,1
ORB,0.1902,0.7954,1
ORB,0.2745,-0.6139,1
ORB,0.2539,0.6482,0
ORB,0.2797,0.7427,1
ORB,0.3104,-0.5653,0
ORB,0.3389,-0.7038,0
ORB,0.387,-0.4955,0
ORB,0.342,0.7194,1
ORB,0.395,0.7057,1
ORB,0.3989,0.7931,0
ORB,0.4211,0.7244,1
ORB,0.4412,-0.5391,1
ORB,0.4563,-0.6491,0
ORB,0.4091,0.6704,1
ORB,0.4091,0.5929,0
ORB,0.48700000000000004,0.6925,1
ORB,0.5281,-0.5628,1
ORB,0.5672,-0.6314,0
ORB,0.5197,0.5539999999999999,0
ORB,0.5374,-0.3765,0
ORB,0.5474,0.5483,0
ORB,0.5537,-0.5835,1
ORB,0.5979,-0.5155,1
ORB,0.6436,0.644,0
ORB,0.5574,0.3909,0
ORB,0.5691,0.5671,1
ORB,0.6226,-0.3677,0
ORB,0.6594,-0.41700000000000004,1
ORB,0.6861,0.5884,0
ORB,0.6799,0.1917,0
ORB,0.6628,0.4006,0
ORB,0.6669,-0.5068,0
ORB,0.7094,-0.3088,1
ORB,0.6905,0.3996,1
ORB,0.7238,0.4774,1
ORB,0.6739,-0.0548,0
ORB,0.6999,0.5333,1
ORB,0.7624,-0.305,1
ORB,0.7198,-0.43200000000000005,0
ORB,0.7722,0.2215,1
ORB,0.7178,0.3047,1
ORB,0.7273,0.0661,0
ORB,0.7686,0.446,1
ORB,0.7568,-0.3706,1
ORB,0.7340000000000001,0.1398,0
ORB,0.7488,-0.4145,0
ORB,0.758,0.1963,1
ORB,0.7251,0.3091,1
ORB,0.7238,-0.2264,1
ORB,0.8116,0.3675,1
ORB,0.7481,0.3925,1
ORB,0.7894,0.2367,1
ORB,0.7763,0.0723,1
ORB,0.8442,-0.0184,1
ORB,0.9365,0.27,0
ORB,-0.7772,0.2713,0
ORB,-0.7418,-0.0059,1
ORB,-0.7492,-0.2234,1
ORB,-0.7457,0.2021,1
ORB,-0.721,-0.2726,1
ORB,-0.6939,0.2233,1
ORB,-0.7226,0.2742,1
ORB,-0.7136,0.3708,0
ORB,-0.6957,0.4438,0
ORB,-0.6459,-0.0719,0
ORB,-0.6551,0.4864,0
ORB,-0.6457,-0.2594,0
ORB,-0.6671,0.2499,1
ORB,-0.6769,0.1919,1
ORB,-0.6305,-0.6233,0
ORB,-0.6859,-0.1441,1
ORB,-0.6539,0.3899,1
ORB,-0.633,-0.45299999999999996,1
ORB,-0.6296,-0.5096,1
ORB,-0.6563,0.3701,1
ORB,-0.6197,0.3132,0
ORB,-0.6155,0.4558,1
ORB,-0.6155,0.5428,1
ORB,-0.6049,0.5218,1
ORB,-0.5889,-0.4863,1
ORB,-0.5764,0.4229,0
ORB,-0.5554,-0.35600000000000004,0
ORB,-0.5739,0.6498,0
ORB,-0.5586,0.49700000000000005,1
ORB,-0.5683,0.5311,1
ORB,-0.5671,-0.5772,1
ORB,-0.5356,-0.4965,1
ORB,-0.5395,0.5747,1
ORB,-0.519,0.6408,1
ORB,-0.5166,-0.6958,0
ORB,-0.5321,-0.6576,1
ORB,-0.523,0.5219,1
ORB,-0.5196,-0.5387,1
ORB,-0.4581,0.6447,1
ORB,-0.4595,-0.6122,1
ORB,-0.4432,0.6109,1
ORB,-0.4529,0.6073,1
ORB,-0.4001,-0.5308,0
ORB,-0.4068,0.6734,1
ORB,-0.4313,0.7282,1
ORB,-0.4144,-0.6438,1
ORB,-0.373,0.6593,1
ORB,-0.4227,0.8005,0
ORB,-0.3902,-0.7094,1
ORB,-0.3676,-0.6145,1
ORB,-0.381,0.6426,1
ORB,-0.3579,-0.7208,1
ORB,-0.3542,0.5913,0
ORB,-0.3119,0.8018,1
ORB,-0.2903,-0.6014,0
ORB,-0.3083,0.6324,0
ORB,-0.2953,0.7573,1
ORB,-0.2627,-0.595,0
ORB,-0.2474,0.7147,1
ORB,-0.2587,0.8119,1
PUPIL,-0.2412,0.139,0
ORB,-0.226,-0.7277,1
PUPIL,-0.2124,0.0142,0
PUPIL,-0.20800000000000002,0.0012,0
PUPIL,-0.2027,-0.0691,0
PUPIL,-0.1648,0.2354,0
ORB,-0.1548,0.7289,1
PUPIL,-0.1655,0.0928,1
PUPIL,-0.1617,0.1148,1
ORB,-0.1995,0.784,1
ORB,-0.1755,0.8059999999999999,1
ORB,-0.1562,-0.6862,1
PUPIL,-0.1542,0.0147,1
PUPIL,-0.1117,-0.0312,1
PUPIL,-0.1441,0.0558,1
PUPIL,-0.1039,0.1532,1
PUPIL,-0.13,0.2629,0
ORB,-0.1457,0.6786,0
PUPIL,-0.1138,0.1361,1
ORB,-0.0827,0.862,0
ORB,-0.0968,-0.654,0
ORB,-0.0604,0.758,1
ORB,-0.0999,-0.7119,1
PUPIL,-0.0695,-0.0237,1
PUPIL,-0.0361,0.2837,0
PUPIL,-0.0502,0.1663,1
PUPIL,-0.0556,0.0752,1
PUPIL,-0.021,-0.0594,1
PUPIL,-0.07400000000000001,0.1681,1
ORB,-0.0498,0.7259,0
PUPIL,-0.0137,-0.0983,0
PUPIL,-0.02,-0.0185,1
PUPIL,-0.01,0.1015,1
ORB,-0.0116,-0.6087,0
ORB,0.0016,0.8431,1
PUPIL,-0.0123,0.1484,1
PUPIL,0.0083,0.0717,1
PUPIL,0.022000000000000002,0.1724,1
ORB,0.0256,-0.6656,1
ORB,0.0099,-0.7608,0
PUPIL,-0.0206,0.2594,0
ORB,0.0227,-0.6939,1
PUPIL,0.0002,-0.0593,1
ORB,0.0532,0.7502,1
ORB,0.0349,0.855,0
PUPIL,0.07200000000000001,0.0736,1
PUPIL,0.0465,0.0086,1
PUPIL,0.0623,0.134,1
PUPIL,0.0759,0.2149,0
ORB,0.1086,0.8132,1
PUPIL,0.1063,0.1279,1
PUPIL,0.1047,-0.0624,0
PUPIL,0.0957,-0.0096,1
PUPIL,0.0942,0.2368,0
ORB,0.1102,0.7062,0
ORB,0.1255,-0.657,1
ORB,0.0891,-0.6003,0
PUPIL,0.157,0.0096,0
PUPIL,0.1596,-0.0644,0
PUPIL,0.159,0.0702,0
PUPIL,0.1351,0.1535,0
ORB,0.1462,-0.7302,1
ORB,0.1459,0.7223,1
ORB,0.215,0.708,1
ORB,0.2085,-0.6453,1
ORB,0.2247,0.8604,0
ORB,0.2767,-0.6125,1
ORB,0.27699999999999997,0.6724,0
ORB,0.2802,0.7435,1
ORB,0.3134,-0.599,1
ORB,0.3104,-0.6539,1
ORB,0.3365,-0.5299,0
ORB,0.3451,0.7143,1
ORB,0.4176,0.6679,1
ORB,0.4146,0.8009,0
ORB,0.4024,0.7581,1
ORB,0.4412,-0.5737,1
ORB,0.4722,-0.6372,0
ORB,0.4702,0.6763,1
ORB,0.4776,0.5714,0
ORB,0.5266,0.6866,1
ORB,0.4999,-0.5284,1
ORB,0.5119,-0.5994,1
ORB,0.5588,0.5322,0
ORB,0.591,-0.3659,0
ORB,0.5783,0.5223,0
ORB,0.5698,-0.5372,1
ORB,0.5982,-0.545,1
ORB,0.5837,0.6535,0
ORB,0.5723,0.3591,0
ORB,0.5838,0.5379,1
ORB,0.585,-0.4153,1
ORB,0.6102,-0.4005,1
ORB,0.6478,0.5385,1
ORB,0.6523,0.23600000000000002,0
ORB,0.632,0.3484,0
ORB,0.6388,-0.4961,1
ORB,0.659,-0.3528,1
ORB,0.6846,0.3887,1
ORB,0.6855,0.4765,1
ORB,0.6636,-0.0714,0
ORB,0.7182,0.4962,1
ORB,0.6893,-0.3001,1
ORB,0.7057,-0.4433,0
ORB,0.7335,0.2464,1
ORB,0.7199,0.2896,1
ORB,0.7437,0.0567,0
ORB,0.7282,0.4828,1
ORB,0.7428,-0.3775,1
ORB,0.7579,0.165,1
ORB,0.7607,-0.4041,0
ORB,0.7745,0.2394,1
ORB,0.7623,0.3397,1
ORB,0.7478,-0.2136,1
ORB,0.7927,0.3603,1
ORB,0.7634,0.4015,1
ORB,0.8103,0.2301,1
ORB,0.8128,0.11800000000000001,1
ORB,0.81,-0.0241,1
ORB,0.8962,0.2556,1
ORB,-0.768,0.2981,0
ORB,-0.7534,0.0323,1
ORB,-0.7811,-0.1934,0
ORB,-0.7491,0.1865,1
ORB,-0.7458,-0.2894,1
ORB,-0.6584,0.2187,1
ORB,-0.7107,0.2697,1
ORB,-0.6935,0.3278,1
ORB,-0.7233,0.4224,0
ORB,-0.6984,-0.0776,1
ORB,-0.6969,0.46399999999999997,0
ORB,-0.6638,-0.2753,1
ORB,-0.6617,0.2596,1
ORB,-0.6329,0.2016,0
ORB,-0.7008,-0.5936,0
ORB,-0.6387,-0.1598,0
ORB,-0.6602,0.3782,1
ORB,-0.6641,-0.4299,1
ORB,-0.6037,-0.4728,1
ORB,-0.6681,0.3696,1
ORB,-0.5989,0.3113,0
ORB,-0.5904,0.4155,1
ORB,-0.6004,0.5707,1
ORB,-0.6116,0.5008,1
ORB,-0.5457,-0.4488,0
ORB,-0.5768,0.3922,0
ORB,-0.5526,-0.3559,0
ORB,-0.5815,0.643,0
ORB,-0.5572,0.4944,1
ORB,-0.5912,0.522,1
ORB,-0.5403,-0.6088,1
ORB,-0.5537,-0.5406,1
ORB,-0.5259,0.5657,1
ORB,-0.5392,0.6421,1
ORB,-0.5384,-0.653,1
ORB,-0.5553,-0.6669,0
ORB,-0.505,0.512,0
ORB,-0.5222,-0.475,0
ORB,-0.467,0.6414,1
ORB,-0.4487,-0.6411,1
ORB,-0.4623,0.5677,0
ORB,-0.4013,0.6022,0
ORB,-0.4424,-0.5362,0
ORB,-0.4466,0.6756,1
ORB,-0.3826,0.7573,1
ORB,-0.4279,-0.6369,1
ORB,-0.423,0.6374,1
ORB,-0.3894,0.8021,0
ORB,-0.381,-0.7664,0
ORB,-0.3843,-0.6226,1
ORB,-0.3661,0.5969,0
ORB,-0.3731,-0.7389,0
ORB,-0.2973,0.6303,0
ORB,-0.3243,0.8059,0
ORB,-0.249,-0.6046,0
ORB,-0.2893,0.6444,0
ORB,-0.3246,0.74,1
ORB,-0.2967,-0.5828,0
ORB,-0.2423,0.7031,1
ORB,-0.2522,0.8079,1
PUPIL,-0.1988,0.1046,0
ORB,-0.1896,-0.7141,1
PUPIL,-0.19699999999999998,0.022000000000000002,0
PUPIL,-0.1685,0.0133,0
PUPIL,-0.1671,-0.0404,0
PUPIL,-0.2213,0.2188,0
ORB,-0.1299,0.6789,0
PUPIL,-0.1743,0.0933,0
PUPIL,-0.1185,0.1374,1
ORB,-0.1705,0.7513,1
ORB,-0.1758,0.8276,1
ORB,-0.1415,-0.6714,1
PUPIL,-0.1509,-0.0111,0
PUPIL,-0.1583,-0.0167,0
PUPIL,-0.1348,0.0577,1
PUPIL,-0.1354,0.2213,0
PUPIL,-0.1058,0.2692,0
ORB,-0.1534,0.7136,0
PUPIL,-0.0886,0.1722,1
ORB,-0.1066,0.847,0
ORB,-0.1115,-0.6545,0
ORB,-0.1096,0.7152,0
ORB,-0.0886,-0.7068,1
PUPIL,-0.0996,0.0311,1
PUPIL,-0.0217,0.2737,0
PUPIL,-0.0618,0.2334,0
PUPIL,-0.0836,0.0842,1
PUPIL,-0.0423,-0.055,1
PUPIL,-0.0335,0.1739,1
ORB,-0.0028,0.732,0
PUPIL,-0.0619,-0.1057,0
PUPIL,-0.033,-0.0345,1
PUPIL,-0.0176,0.0774,1
ORB,-0.0304,-0.6226,0
ORB,-0.0183,0.8631,0
PUPIL,0.0079,0.0903,1
PUPIL,-0.0081,0.0337,1
PUPIL,-0.0092,0.1785,1
ORB,-0.0207,-0.597,0
ORB,0.0476,-0.7901,0
PUPIL,0.0187,0.2408,0
ORB,0.0317,-0.6767,1
PUPIL,0.0026,-0.0883,1
ORB,0.0536,0.7076,0
ORB,0.0543,0.8511,0
PUPIL,0.0713,0.1279,1
PUPIL,0.0704,0.0702,1
PUPIL,0.064,0.1531,1
PUPIL,0.0883,0.1782,1
ORB,0.0964,0.7778,1
PUPIL,0.0738,0.146,1
PUPIL,0.0793,-0.0896,0
PUPIL,0.1088,-0.0333,1
PUPIL,0.1046,0.2434,0
ORB,0.1278,0.7046,0
ORB,0.0953,-0.6112,0
ORB,0.1006,-0.5625,0
PUPIL,0.1171,0.0492,1
PUPIL,0.1225,-0.0783,0
PUPIL,0.1364,0.0432,0
PUPIL,0.1127,0.1736,0
ORB,0.2086,-0.7711,0
ORB,0.2019,0.735,1
ORB,0.2305,0.7704,1
ORB,0.2335,-0.6559,1
ORB,0.1776,0.8407,0
ORB,0.2519,-0.6626,1
ORB,0.2746,0.6817,0
ORB,0.3031,0.7477,1
ORB,0.3394,-0.5874,1
ORB,0.2996,-0.6804,1
ORB,0.3327,-0.4923,0
ORB,0.3296,0.7105,1
ORB,0.3916,0.6662,1
ORB,0.4123,0.7894,0
ORB,0.4369,0.7416,1
ORB,0.4259,-0.5486,1
ORB,0.4835,-0.629,1
ORB,0.4597,0.6806,1
ORB,0.4203,0.6108,0
ORB,0.498,0.7121,0
ORB,0.501,-0.5157,1
ORB,0.5245,-0.6407,0
ORB,0.5075,0.5473,0
ORB,0.5593,-0.3429,0
ORB,0.5984,0.5345,1
ORB,0.5422,-0.6,0
ORB,0.6074,-0.4982,1
ORB,0.6177,0.6049,1
ORB,0.5573,0.3878,0
ORB,0.5776,0.5201,1
ORB,0.6255,-0.3714,1
ORB,0.6268,-0.4404,1
ORB,0.6348,0.564,1
ORB,0.6833,0.2014,0
ORB,0.675,0.3881,0
ORB,0.6564,-0.5105,0
ORB,0.7216,-0.3366,1
ORB,0.7221,0.4288,1
ORB,0.7164,0.4385,1
ORB,0.6738,-0.0784,0
ORB,0.6584,0.5414,1
ORB,0.7135,-0.3128,1
ORB,0.7078,-0.4817,0
ORB,0.7539,0.2183,1
ORB,0.7431,0.2785,1
ORB,0.6891,0.1132,0
ORB,0.7548,0.469,1
ORB,0.7938,-0.3722,0
ORB,0.7038,0.1471,0
ORB,0.768,-0.4071,0
ORB,0.7336,0.2095,0
ORB,0.7429,0.3502,1
ORB,0.7732,-0.2221,1
ORB,0.8278,0.358,1
ORB,0.7886,0.405,1
ORB,0.7997,0.2429,1
ORB,0.7889,0.1029,1
ORB,0.8331,-0.0335,1
ORB,0.9179,0.2678,0
ORB,-0.7778,0.2232,0
ORB,-0.7532,-0.0063,1
ORB,-0.7242,-0.233,1
ORB,-0.7597,0.2371,0
ORB,-0.7003,-0.3093,1
ORB,-0.6659,0.1804,1
ORB,-0.6912,0.2733,1
ORB,-0.6845,0.3479,1
ORB,-0.7083,0.3817,0
ORB,-0.633,-0.0585,0
ORB,-0.6661,0.4929,0
ORB,-0.6363,-0.2941,0
ORB,-0.6531,0.2362,1
ORB,-0.6607,0.1796,1
ORB,-0.6557,-0.6063,0
ORB,-0.6487,-0.1755,0
ORB,-0.6392,0.4362,1
ORB,-0.6285,-0.4434,1
ORB,-0.6199,-0.504,1
ORB,-0.6209,0.3623,1
ORB,-0.6547,0.3054,1
ORB,-0.6156,0.4567,1
ORB,-0.5749,0.5393,1
ORB,-0.6266,0.47200000000000003,1
ORB,-0.5936,-0.5007,1
ORB,-0.5838,0.3646,0
ORB,-0.5457,-0.3532,0
ORB,-0.5803,0.6341,0
ORB,-0.5584,0.5076,1
ORB,-0.5345,0.4951,1
ORB,-0.5466,-0.6306,1
ORB,-0.5503,-0.4748,1
ORB,-0.5361,0.5024,1
ORB,-0.5128,0.6475,1
ORB,-0.5436,-0.7015,0
ORB,-0.5319,-0.6465,1
ORB,-0.4907,0.5128,0
ORB,-0.4983,-0.4906,0
ORB,-0.4167,0.6672,1
ORB,-0.491,-0.6577,1
ORB,-0.4272,0.5732,0
ORB,-0.4371,0.6138,1
ORB,-0.3992,-0.5215,0
ORB,-0.4173,0.6793,1
ORB,-0.44299999999999995,0.7145,1
ORB,-0.4072,-0.6658,1
ORB,-0.42,0.6872,1
ORB,-0.4178,0.7899,0
ORB,-0.3825,-0.6970000000000001,1
ORB,-0.359,-0.6326,1
ORB,-0.3895,0.6101,0
ORB,-0.3638,-0.7262,1
ORB,-0.3377,0.5776,0
ORB,-0.3061,0.7996,1
ORB,-0.32899999999999996,-0.6146,1
ORB,-0.3026,0.6206,0
ORB,-0.3071,0.7022,1
ORB,-0.2538,-0.5778,0
ORB,-0.2264,0.68,0
ORB,-0.2231,0.802,1
PUPIL,-0.2331,0.1579,0
ORB,-0.2471,-0.677,1
PUPIL,-0.221,0.0253,0
PUPIL,-0.2153,-0.0049,0
PUPIL,-0.2087,-0.0473,0
PUPIL,-0.188,0.2647,0
ORB,-0.1322,0.7022,0
PUPIL,-0.1421,0.1277,1
PUPIL,-0.1759,0.0971,0
ORB,-0.1861,0.7348,1
ORB,-0.1672,0.7839,1
ORB,-0.1326,-0.7309,1
PUPIL,-0.1213,-0.0227,1
PUPIL,-0.1457,-0.0209,0
PUPIL,-0.1288,0.091,1
PUPIL,-0.0925,0.2084,0
PUPIL,-0.1663,0.2706,0
ORB,-0.0923,0.7122,0
PUPIL,-0.1526,0.1583,0
ORB,-0.0692,0.8629,0
ORB,-0.0823,-0.6624,1
ORB,-0.0642,0.7523,1
ORB,-0.0462,-0.754,1
PUPIL,-0.0719,-0.0087,1
PUPIL,-0.0939,0.2777,0
PUPIL,-0.0834,0.2054,1
PUPIL,-0.0538,0.1075,1
PUPIL,-0.0421,-0.0642,1
PUPIL,-0.0439,0.1293,1
ORB,-0.0469,0.8037,1
PUPIL,-0.0676,-0.1016,0
PUPIL,0.0108,-0.0654,1
PUPIL,0.0025,0.129,1
ORB,-0.0193,-0.5922,0
ORB,0.0202,0.8867,0
PUPIL,0.0146,0.1328,1
PUPIL,-0.0273,0.0472,1
PUPIL,-0.0026,0.1667,1
ORB,-0.0129,-0.6809999999999999,1
ORB,-0.0072,-0.7047,1
PUPIL,0.0463,0.2302,0
ORB,-0.0251,-0.6467,0
PUPIL,0.0043,-0.1188,0
ORB,0.0495,0.7638,1
ORB,0.0283,0.8277,1
PUPIL,0.0845,0.0806,1
PUPIL,0.0809,0.02,1
PUPIL,0.0976,0.1461,1
PUPIL,0.0738,0.2125,0
ORB,0.1031,0.8251,1
PUPIL,0.124,0.0674,1
PUPIL,0.1321,-0.1028,0
PUPIL,0.1194,-0.0002,1
PUPIL,0.0847,0.1881,1
ORB,0.1181,0.7154,0
ORB,0.0926,-0.6823,1
ORB,0.0845,-0.6033,0
PUPIL,0.1102,0.0208,1
PUPIL,0.1641,-0.0284,0
PUPIL,0.1181,0.0733,1
PUPIL,0.0845,0.1725,1
ORB,0.1275,-0.7308,1
ORB,0.1553,0.7307,1
ORB,0.2191,0.7287,1
ORB,0.2592,-0.6451,1
ORB,0.2618,0.8446,0
ORB,0.2359,-0.64,1
ORB,0.2437,0.6812,0
ORB,0.2649,0.7882,1
ORB,0.2523,-0.6111,1
ORB,0.3019,-0.6594,1
ORB,0.2925,-0.4959,0
ORB,0.3615,0.7667,1
ORB,0.3825,0.6731,1
ORB,0.3911,0.7988,0
ORB,0.45399999999999996,0.794,0
ORB,0.4088,-0.5535,1
ORB,0.4095,-0.6563,1
ORB,0.4917,0.6868,1
ORB,0.4926,0.5579,0
ORB,0.5431,0.7070000000000001,0
ORB,0.5535,-0.5184,1
ORB,0.5008,-0.6519,0
ORB,0.5667,0.5601,1
ORB,0.5768,-0.4159,1
ORB,0.5881,0.5151,0
ORB,0.5719,-0.5715,1
ORB,0.6123,-0.5195,1
ORB,0.5991,0.6583,0
ORB,0.5889,0.4327,0
ORB,0.6422,0.5263,1
ORB,0.6065,-0.3907,1
ORB,0.6703,-0.4176,1
ORB,0.6442,0.6003,0
ORB,0.6568,0.2353,0
ORB,0.68,0.3699,0
ORB,0.6758,-0.4526,1
ORB,0.6727,-0.3285,1
ORB,0.6305,0.3641,0
ORB,0.6943,0.4435,1
ORB,0.7061,-0.0929,0
ORB,0.6938,0.5255,1
ORB,0.705,-0.3027,1
ORB,0.6925,-0.4292,1
ORB,0.7624,0.1902,1
ORB,0.7339,0.2789,1
ORB,0.7361,0.06,0
ORB,0.7269,0.4341,1
ORB,0.7113,-0.3625,1
ORB,0.7803,0.1338,1
ORB,0.7895,-0.3755,0
ORB,0.72,0.2255,0
ORB,0.7731,0.3372,1
ORB,0.7596,-0.1865,1
ORB,0.8032,0.32899999999999996,1
ORB,0.7683,0.3905,1
ORB,0.8245,0.2103,1
ORB,0.7929999999999999,0.0886,1
ORB,0.8082,0.001,1
ORB,0.9045,0.2764,0
ORB,-0.7817,0.2908,0
ORB,-0.7367,0.0448,1
ORB,-0.8038,-0.2337,0
ORB,-0.7285,0.1772,1
ORB,-0.6986,-0.2895,1
ORB,-0.6858,0.2513,1
ORB,-0.7265,0.2851,1
ORB,-0.6693,0.3116,1
ORB,-0.6829,0.4568,0
ORB,-0.6953,-0.0484,1
ORB,-0.7157,0.4954,0
ORB,-0.6482,-0.2653,0
ORB,-0.6943,0.1939,1
ORB,-0.6743,0.2307,1
ORB,-0.6503,-0.5701,0
ORB,-0.6146,-0.1659,0
ORB,-0.6191,0.3483,1
ORB,-0.6323,-0.4388,1
ORB,-0.6435,-0.4953,1
ORB,-0.7078,0.3815,0
ORB,-0.6015,0.3255,0
ORB,-0.5735,0.4791,1
ORB,-0.5992,0.5781,1
ORB,-0.6016,0.4938,1
ORB,-0.556,-0.4896,1
ORB,-0.5784,0.4455,1
ORB,-0.5433,-0.3481,0
ORB,-0.6279,0.628,0
ORB,-0.5996,0.4783,1
ORB,-0.5774,0.4868,1
ORB,-0.5082,-0.6348,1
ORB,-0.5762,-0.5272,1
ORB,-0.5471,0.5516,1
ORB,-0.5189,0.6466,1
ORB,-0.4877,-0.65,1
ORB,-0.5044,-0.6267,1
ORB,-0.4765,0.5224,0
ORB,-0.5109,-0.4732,0
ORB,-0.4819,0.6311,1
ORB,-0.4779,-0.6356,1
ORB,-0.4282,0.5691,0
ORB,-0.4293,0.6387,1
ORB,-0.3836,-0.5535,0
ORB,-0.4705,0.6883,1
ORB,-0.375,0.7743,1
ORB,-0.4262,-0.6395,1
ORB,-0.3915,0.6589,1
ORB,-0.4009,0.8363,0
ORB,-0.3818,-0.7645,0
ORB,-0.3883,-0.5704,0
ORB,-0.3594,0.5722,0
ORB,-0.3842,-0.7836,0
ORB,-0.3251,0.648,0
ORB,-0.3466,0.7961,0
ORB,-0.2456,-0.6541,1
ORB,-0.292,0.6249,0
ORB,-0.2774,0.7075,1
ORB,-0.2552,-0.5914,0
ORB,-0.2596,0.7509,1
ORB,-0.2216,0.8439,0
PUPIL,-0.235,0.162,0
ORB,-0.2082,-0.7051,1
PUPIL,-0.2067,0.0127,0
PUPIL,-0.1708,0.0622,1
PUPIL,-0.1953,-0.0579,0
PUPIL,-0.18600000000000003,0.2328,0
ORB,-0.1968,0.7562,1
PUPIL,-0.2098,0.1315,0
PUPIL,-0.1614,0.1072,1
ORB,-0.1689,0.7793,1
ORB,-0.153,0.8494,0
ORB,-0.1848,-0.6652,1
PUPIL,-0.11800000000000001,-0.0111,1
PUPIL,-0.1467,-0.0225,1
PUPIL,-0.1876,0.0748,0
PUPIL,-0.0896,0.1977,1
PUPIL,-0.1084,0.2746,0
ORB,-0.1341,0.7385,1
PUPIL,-0.0912,0.185,1
ORB,-0.1068,0.8251,1
ORB,-0.0764,-0.6429,0
ORB,-0.1392,0.7211,0
ORB,-0.0377,-0.7611,0
PUPIL,-0.0596,0.015,1
PUPIL,-0.0453,0.3089,0
PUPIL,-0.042,0.1924,1
PUPIL,-0.0507,0.0995,1
PUPIL,-0.0083,-0.09,1
PUPIL,-0.0755,0.1736,1
ORB,-0.0386,0.8009,1
PUPIL,-0.0472,-0.1121,0
PUPIL,-0.0451,-0.0431,1
PUPIL,-0.021,0.084,1
ORB,-0.0171,-0.6054,0
ORB,-0.0347,0.8772,0
PUPIL,0.0266,0.1091,1
PUPIL,-0.0428,0.037000000000000005,1
PUPIL,-0.0672,0.1317,1
ORB,-0.0478,-0.6158,0
ORB,-0.0131,-0.7505,1
PUPIL,-0.0248,0.2923,0
ORB,0.0264,-0.677,1
PUPIL,0.0762,-0.1241,0
ORB,0.0413,0.6954,0
ORB,0.0197,0.8176,1
PUPIL,0.0616,0.0966,1
PUPIL,0.1043,0.0321,1
PUPIL,0.0537,0.1895,1
PUPIL,0.0774,0.2155,0
ORB,0.1112,0.7838,1
PUPIL,0.0936,0.0988,1
PUPIL,0.1056,-0.1163,0
PUPIL,0.1733,-0.0419,0
PUPIL,0.1418,0.1963,0
ORB,0.0939,0.6849,0
ORB,0.1107,-0.642,1
ORB,0.0601,-0.5706,0
PUPIL,0.1419,-0.0249,0
PUPIL,0.1286,-0.051,0
PUPIL,0.159,0.05,0
PUPIL,0.166,0.1424,0
ORB,0.2021,-0.7066,1
ORB,0.2041,0.7722,1
ORB,0.2364,0.7664,1
ORB,0.1958,-0.6514,1
ORB,0.2072,0.7825,1
ORB,0.2946,-0.5848,1
ORB,0.2669,0.6283,0
ORB,0.2734,0.7408,1
ORB,0.298,-0.5439,0
ORB,0.368,-0.7049,0
ORB,0.3839,-0.5196,0
ORB,0.3629,0.7446,1
ORB,0.4175,0.6768,1
ORB,0.3829,0.7884,0
ORB,0.4399,0.7159,1
ORB,0.4542,-0.5295,1
ORB,0.4365,-0.6289,1
ORB,0.3924,0.6955,1
ORB,0.4175,0.6181,0
ORB,0.5125,0.7128,0
ORB,0.5374,-0.5651,1
ORB,0.5716,-0.6138,0
ORB,0.5122,0.5383,0
ORB,0.5309,-0.3706,0
ORB,0.5581,0.5328,0
ORB,0.5758,-0.5858,0
ORB,0.6252,-0.5037,1
ORB,0.6649,0.6566,0
ORB,0.552,0.3747,0
ORB,0.569,0.5458,1
ORB,0.6396,-0.3828,1
ORB,0.65,-0.4017,1
ORB,0.6717,0.5653,1
ORB,0.6661,0.1625,0
ORB,0.6387,0.4196,0
ORB,0.6688,-0.5169,0
ORB,0.7115,-0.2834,1
ORB,0.6774,0.3756,0
ORB,0.7157,0.4589,1
ORB,0.6627,-0.0647,0
ORB,0.6897,0.5306,1
ORB,0.7771,-0.3268,1
ORB,0.7323,-0.4223,0
ORB,0.7941,0.2042,1
ORB,0.6909,0.2749,0
ORB,0.7078,0.0589,0
ORB,0.7667,0.4695,1
ORB,0.7837,-0.3915,0
ORB,0.7197,0.16399999999999998,0
ORB,0.7475,-0.4196,0
ORB,0.7789,0.2147,1
ORB,0.7517,0.2867,1
ORB,0.7532,-0.2004,1
ORB,0.797,0.3925,1
ORB,0.7235,0.3911,1
ORB,0.7812,0.2101,1
ORB,0.7708,0.1004,1
ORB,0.862,-0.01,1
ORB,0.9640000000000001,0.2999,0
